motion,distance_m,offset_ms,n,v_mean,yaw_rate_absmean,e_pre_mean,e_pre_max,e_lin_mean,e_lin_max,e_ctrv_mean,e_ctrv_max,vdt_mean,over_threshold_lin
mild,10,0,20,4.9984,0.0637,0.0224,0.0706,0.0224,0.0706,0.0224,0.0706,0.0000,False
mild,10,50,20,4.9984,0.0637,0.2421,0.3374,0.0428,0.0727,0.0285,0.0687,0.2499,False
mild,10,100,20,4.9984,0.0637,0.4852,0.6640,0.0619,0.1245,0.0342,0.0691,0.4998,False
mild,10,150,20,4.9984,0.0637,0.7366,0.9998,0.1061,0.2581,0.0593,0.1266,0.7498,False
mild,10,200,20,4.9984,0.0637,0.9738,1.3345,0.1309,0.2485,0.0681,0.1559,0.9997,False
mild,20,0,20,4.9984,0.0637,0.0243,0.0380,0.0243,0.0380,0.0243,0.0380,0.0000,False
mild,20,50,20,4.9984,0.0637,0.2499,0.3555,0.0654,0.1180,0.0250,0.0583,0.2499,False
mild,20,100,20,4.9984,0.0637,0.4977,0.6903,0.1272,0.1934,0.0340,0.0729,0.4998,False
mild,20,150,20,4.9984,0.0637,0.7540,1.0138,0.1870,0.3275,0.0444,0.1045,0.7498,False
mild,20,200,20,4.9984,0.0637,1.0159,1.3419,0.2557,0.4552,0.0626,0.1537,0.9997,False
mild,40,0,20,4.9984,0.0637,0.0194,0.0424,0.0194,0.0424,0.0194,0.0424,0.0000,False
mild,40,50,20,4.9984,0.0637,0.2799,0.3843,0.1307,0.2200,0.0250,0.0591,0.2499,False
mild,40,100,20,4.9984,0.0637,0.5640,0.7483,0.2510,0.4235,0.0306,0.0607,0.4998,False
mild,40,150,20,4.9984,0.0637,0.8337,1.1371,0.3856,0.6209,0.0577,0.0873,0.7498,True
mild,40,200,20,4.9984,0.0637,1.1135,1.4763,0.5107,0.8415,0.0957,0.1416,0.9997,True
straight,10,0,3,4.5371,0.0066,0.0241,0.0377,0.0241,0.0377,0.0241,0.0377,0.0000,False
straight,10,50,3,4.5371,0.0066,0.2024,0.2591,0.0292,0.0359,0.0304,0.0364,0.2269,False
straight,10,100,3,4.5371,0.0066,0.4440,0.5876,0.0233,0.0279,0.0206,0.0305,0.4537,False
straight,10,150,3,4.5371,0.0066,0.6491,0.8466,0.0345,0.0537,0.0320,0.0480,0.6806,False
straight,10,200,3,4.5371,0.0066,0.8893,1.1410,0.0594,0.0693,0.0520,0.0711,0.9074,False
straight,20,0,3,4.5371,0.0066,0.0235,0.0367,0.0235,0.0367,0.0235,0.0367,0.0000,False
straight,20,50,3,4.5371,0.0066,0.2163,0.3038,0.0333,0.0372,0.0294,0.0390,0.2269,False
straight,20,100,3,4.5371,0.0066,0.4444,0.5614,0.0318,0.0573,0.0267,0.0314,0.4537,False
straight,20,150,3,4.5371,0.0066,0.6686,0.8489,0.0550,0.0894,0.0447,0.0533,0.6806,False
straight,20,200,3,4.5371,0.0066,0.8887,1.1212,0.0905,0.1517,0.0779,0.1031,0.9074,False
straight,40,0,3,4.5371,0.0066,0.0470,0.0554,0.0470,0.0554,0.0470,0.0554,0.0000,False
straight,40,50,3,4.5371,0.0066,0.2288,0.2905,0.0054,0.0077,0.0155,0.0342,0.2269,False
straight,40,100,3,4.5371,0.0066,0.4454,0.5742,0.0409,0.0866,0.0350,0.0547,0.4537,False
straight,40,150,3,4.5371,0.0066,0.6763,0.8782,0.0896,0.1529,0.0693,0.0783,0.6806,False
straight,40,200,3,4.5371,0.0066,0.8652,1.1227,0.1210,0.1923,0.0939,0.1083,0.9074,False
turn,10,0,130,4.4495,0.1681,0.0232,0.0628,0.0232,0.0628,0.0232,0.0628,0.0000,False
turn,10,50,130,4.4495,0.1681,0.2320,0.3638,0.0822,0.1565,0.0276,0.0852,0.2225,False
turn,10,100,129,4.4570,0.1683,0.4617,0.6839,0.1581,0.2819,0.0343,0.0993,0.4457,False
turn,10,150,129,4.4570,0.1683,0.6938,0.9894,0.2325,0.3944,0.0436,0.1121,0.6685,False
turn,10,200,129,4.4570,0.1683,0.9222,1.2859,0.3096,0.5057,0.0535,0.1243,0.8914,True
turn,20,0,130,4.4495,0.1681,0.0257,0.0603,0.0257,0.0603,0.0257,0.0603,0.0000,False
turn,20,50,130,4.4495,0.1681,0.2743,0.3881,0.1629,0.2832,0.0303,0.0676,0.2225,False
turn,20,100,129,4.4570,0.1683,0.5497,0.7315,0.3250,0.5081,0.0346,0.0886,0.4457,True
turn,20,150,129,4.4570,0.1683,0.8233,1.0854,0.4851,0.7553,0.0415,0.1023,0.6685,True
turn,20,200,129,4.4570,0.1683,1.0950,1.4340,0.6437,0.9967,0.0542,0.1611,0.8914,True
turn,40,0,130,4.4495,0.1681,0.0256,0.0658,0.0256,0.0658,0.0256,0.0658,0.0000,False
turn,40,50,130,4.4495,0.1681,0.3972,0.5762,0.3315,0.5299,0.0301,0.0755,0.2225,True
turn,40,100,129,4.4570,0.1683,0.8036,1.1229,0.6643,1.0030,0.0346,0.0999,0.4457,True
turn,40,150,129,4.4570,0.1683,1.2022,1.7047,0.9899,1.5233,0.0449,0.1540,0.6685,True
turn,40,200,129,4.4570,0.1683,1.6061,2.2275,1.3216,1.9786,0.0588,0.2018,0.8914,True
