scenario,offset_ms,distance_m,velocity_ms,yaw_rate_rads,e_pre_mean,e_pre_max,e_post_mean,e_post_max,e_post_yaw_mean,e_post_yaw_max,formula_deviation_pct,is_failure,failure_reason
Straight Line,0,10,20.0,0.0,0.450907949878565,0.7190828622421813,66.00248178652731,132.00469372196244,66.00248178652731,132.00469372196244,0.0,True,Lệch offset lớn
Straight Line,0,20,20.0,0.0,0.450907949878565,0.7190828622421813,66.00248178652731,132.00469372196244,66.00248178652731,132.00469372196244,0.0,True,Lệch offset lớn
Straight Line,0,40,20.0,0.0,0.450907949878565,0.7190828622421813,66.00248178652731,132.00469372196244,66.00248178652731,132.00469372196244,0.0,True,Vật thể ở 40m: sai số tích lũy lớn
Straight Line,50,10,20.0,0.0,1.2715094121054862,2.031934464836113,65.02228633719221,131.004693737071,65.02228633719221,131.004693737071,27.150941210548616,True,Lệch offset lớn
Straight Line,50,20,20.0,0.0,1.2715094121054864,2.0319344648361137,65.02228633719221,131.004693737071,65.02228633719221,131.004693737071,27.15094121054864,True,Lệch offset lớn
Straight Line,50,40,20.0,0.0,1.2715094121054862,2.0319344648361137,65.02228633719221,131.004693737071,65.02228633719221,131.004693737071,27.150941210548616,True,Vật thể ở 40m: sai số tích lũy lớn
Straight Line,100,10,20.0,0.0,1.997997379278723,2.7037125780921714,64.05556266590736,130.004693752412,64.05556266590736,130.004693752412,0.1001310360638552,True,Lệch offset lớn
Straight Line,100,20,20.0,0.0,1.9979973792787231,2.7037125780921714,64.05556266590736,130.004693752412,64.05556266590736,130.004693752412,0.1001310360638441,True,Lệch offset lớn
Straight Line,100,40,20.0,0.0,1.9979973792787225,2.7037125780921714,64.05556266590736,130.004693752412,64.05556266590736,130.004693752412,0.10013103606387741,True,Vật thể ở 40m: sai số tích lũy lớn
Straight Line,150,10,20.0,0.0,3.283961770670454,4.037045796577388,63.10248887552539,129.00469376799086,63.10248887552539,129.00469376799086,9.465392355681795,True,Lệch offset lớn
Straight Line,150,20,20.0,0.0,3.2839617706704542,4.037045796577388,63.10248887552539,129.00469376799086,63.10248887552539,129.00469376799086,9.465392355681807,True,Lệch offset lớn
Straight Line,150,40,20.0,0.0,3.283961770670454,4.037045796577388,63.10248887552539,129.00469376799086,63.10248887552539,129.00469376799086,9.465392355681795,True,Vật thể ở 40m: sai số tích lũy lớn
Straight Line,200,10,20.0,0.0,3.997939892902327,4.703712430236484,62.16313615088646,128.00469378381314,62.16313615088646,128.00469378381314,0.051502677441828126,True,Lệch offset lớn
Straight Line,200,20,20.0,0.0,3.997939892902327,4.703712430236484,62.16313615088646,128.00469378381314,62.16313615088646,128.00469378381314,0.051502677441828126,True,Lệch offset lớn
Straight Line,200,40,20.0,0.0,3.997939892902326,4.703712430236484,62.16313615088646,128.00469378381314,62.16313615088646,128.00469378381314,0.05150267744185033,True,Vật thể ở 40m: sai số tích lũy lớn
Acceleration,0,10,25.0,0.0,0.5583171900919488,1.326555382353871,76.78248433599884,196.68469307106892,76.78248433599884,196.68469307106892,0.0,True,Lệch offset lớn
Acceleration,0,20,25.0,0.0,0.5583171900919488,1.326555382353871,76.78248433599884,196.68469307106892,76.78248433599884,196.68469307106892,0.0,True,Lệch offset lớn
Acceleration,0,40,25.0,0.0,0.5583171900919489,1.326555382353871,76.78248433599884,196.68469307106892,76.78248433599884,196.68469307106892,0.0,True,Vật thể ở 40m: sai số tích lũy lớn
Acceleration,50,10,25.0,0.0,1.6023602279275264,3.9551024404687127,75.56863543867398,195.43469307956536,75.56863543867398,195.43469307956536,28.188818234202113,True,Lệch offset lớn
Acceleration,50,20,25.0,0.0,1.6023602279275269,3.9551024404687127,75.56863543867398,195.43469307956536,75.56863543867398,195.43469307956536,28.188818234202152,True,Lệch offset lớn
Acceleration,50,40,25.0,0.0,1.6023602279275264,3.9551024404687127,75.56863543867398,195.43469307956536,75.56863543867398,195.43469307956536,28.188818234202113,True,Vật thể ở 40m: sai số tích lũy lớn
Acceleration,100,10,25.0,0.0,2.490770796672135,5.280102397473312,74.39937056231398,194.1846930881712,74.39937056231398,194.1846930881712,0.3691681331146057,True,Lệch offset lớn
Acceleration,100,20,25.0,0.0,2.4907707966721353,5.280102397473312,74.39937056231398,194.1846930881712,74.39937056231398,194.1846930881712,0.36916813311458796,True,Lệch offset lớn
Acceleration,100,40,25.0,0.0,2.490770796672135,5.280102397473312,74.39937056231398,194.1846930881712,74.39937056231398,194.1846930881712,0.3691681331146057,True,Vật thể ở 40m: sai số tích lũy lớn
Acceleration,150,10,25.0,0.0,4.118219514003266,7.88522170482835,73.26825799352518,192.93469309688854,73.26825799352518,192.93469309688854,9.819187040087082,True,Lệch offset lớn
Acceleration,150,20,25.0,0.0,4.1182195140032665,7.88522170482835,73.26825799352518,192.93469309688854,73.26825799352518,192.93469309688854,9.819187040087106,True,Lệch offset lớn
Acceleration,150,40,25.0,0.0,4.118219514003266,7.88522170482835,73.26825799352518,192.93469309688854,73.26825799352518,192.93469309688854,9.819187040087082,True,Vật thể ở 40m: sai số tích lũy lớn
Acceleration,200,10,25.0,0.0,4.985715464813693,9.210221618599705,72.1792892697487,191.6846931057196,72.1792892697487,191.6846931057196,0.2856907037261358,True,Lệch offset lớn
Acceleration,200,20,25.0,0.0,4.985715464813694,9.210221618599705,72.1792892697487,191.6846931057196,72.1792892697487,191.6846931057196,0.28569070372611804,True,Lệch offset lớn
Acceleration,200,40,25.0,0.0,4.985715464813693,9.210221618599705,72.1792892697487,191.6846931057196,72.1792892697487,191.6846931057196,0.2856907037261358,True,Vật thể ở 40m: sai số tích lũy lớn
Turning,0,10,10.0,0.33,0.5122525759451543,1.4351131867533327,52.93940286974154,125.72867742583324,52.93940286974154,125.72867742583324,0.0,True,Rẽ cua: bù tuyến tính không đủ
Turning,0,20,10.0,0.33,0.5062333703123708,1.3575251840628206,51.64821543611877,115.41494326938904,51.64821543611877,115.41494326938904,0.0,True,Rẽ cua: bù tuyến tính không đủ
Turning,0,40,10.0,0.33,0.5239988564281227,1.2174249161491142,54.1064040220098,101.14897230657716,54.1064040220098,101.14897230657716,0.0,True,Rẽ cua + vật thể xa: bù tuyến tính không xét góc quay
Turning,50,10,10.0,0.33,1.4753204274807739,4.244886771454407,52.82020519944192,126.20873874293453,53.21768799363463,125.56442039538949,195.06408549615477,True,Rẽ cua: bù tuyến tính không đủ
Turning,50,20,10.0,0.33,1.4543054669835576,4.016070750091793,51.48337468736597,115.8749297824784,51.93157812199025,115.143684638158,190.8610933967115,True,Rẽ cua: bù tuyến tính không đủ
Turning,50,40,10.0,0.33,1.496926848500979,3.6057850893243177,53.87253521291833,101.53026371316382,54.495020549410945,100.70854783865208,199.3853697001958,True,Rẽ cua + vật thể xa: bù tuyến tính không xét góc quay
Turning,100,10,10.0,0.33,2.2833924654638915,5.669018727506149,52.709660278289306,126.68895430508287,53.48852027033913,125.39200276886999,128.33924654638915,True,Rẽ cua: bù tuyến tính không đủ
Turning,100,20,10.0,0.33,2.2549968950354193,5.363314486003055,51.32695013531779,116.33524648322324,52.20814867613731,114.86346916795604,125.49968950354193,True,Rẽ cua: bù tuyến tính không đủ
Turning,100,40,10.0,0.33,2.3326885416946777,4.814695501168608,53.646157061709445,101.9125816602271,54.877807648672,100.25652838784843,133.26885416946777,True,Rẽ cua + vật thể xa: bù tuyến tính không xét góc quay
Turning,150,10,10.0,0.33,3.774720228976602,8.440678787862662,52.60869688099856,127.16932236490234,53.75160871884248,125.21162234692396,151.6480152651068,True,Rẽ cua: bù tuyến tính không đủ
Turning,150,20,10.0,0.33,3.7248300037766104,7.985680512775971,51.17989688613572,116.79588946761059,52.477705701594566,114.57449132531022,148.32200025177403,True,Rẽ cua: bù tuyến tính không đủ
Turning,150,40,10.0,0.33,3.8451760869307607,7.171876627326085,53.4276602012713,102.29591463807503,55.254608627669455,99.79304980623381,156.34507246205072,True,Rẽ cua + vật thể xa: bù tuyến tính không xét góc quay
Turning,200,10,10.0,0.33,4.562221266681803,9.8636887149086,52.51719261713204,127.64984120076893,54.00695517654488,125.02348079066253,128.11106333409015,True,Rẽ cua: bù tuyến tính không đủ
Turning,200,20,10.0,0.33,4.505717144269734,9.331801360483933,51.041431252433185,117.25685489022942,52.74024429186241,114.27695012732686,125.28585721348668,True,Rẽ cua: bù tuyến tính không đủ
Turning,200,40,10.0,0.33,4.661881338525376,8.379646917420994,53.21650065879271,102.68025127855992,55.62539555034089,99.31825199094654,133.0940669262688,True,Rẽ cua + vật thể xa: bù tuyến tính không xét góc quay
